{"resourceType":"ValueSet","id":"medme-appointment-type","text":{"status":"generated","div":"<div xmlns=\"http://www.w3.org/1999/xhtml\"><p class=\"res-header-id\"><b>Generated Narrative: ValueSet medme-appointment-type</b></p><a name=\"medme-appointment-type\"> </a><a name=\"hcmedme-appointment-type\"> </a><ul><li>Include these codes as defined in <code>https://terminology.hl7.org/CodeSystem/v2-0276</code><span title=\"Version is not explicity stated. No matching Code System found\"> version Not Stated (use latest from terminology server)</span><table class=\"none\"><tr><td style=\"white-space:nowrap\"><b>Code</b></td><td><b>Display</b></td></tr><tr><td>WALKIN</td><td>Walk-in</td></tr><tr><td>ROUTINE</td><td>Routine</td></tr></table></li></ul></div>"},"url":"https://fhir.medmehealth.com/pharmacy-services/ValueSet/medme-appointment-type","version":"0.9.22","name":"MedMeAppointmentType","title":"MedMe Appointment Type","status":"draft","date":"2025-11-25T17:07:48-05:00","publisher":"MedMe Health","contact":[{"name":"MedMe Health","telecom":[{"system":"url","value":"https://medmehealth.com"},{"system":"email","value":"fhir@medmehealth.com"}]}],"description":"Supported appointment types for MedMe pharmacy services (WALKIN and ROUTINE only)","jurisdiction":[{"coding":[{"system":"urn:iso:std:iso:3166","code":"CA"}]}],"compose":{"include":[{"system":"https://terminology.hl7.org/CodeSystem/v2-0276","concept":[{"code":"WALKIN","display":"Walk-in"},{"code":"ROUTINE","display":"Routine"}]}]}}