{
  "codeSystems" : [
    {
      "url" : "http://hl7.org/fhir/administrative-gender",
      "version" : "4.0.1",
      "status" : "active",
      "name" : "AdministrativeGender",
      "title" : "AdministrativeGender",
      "description" : "The gender of a person used for administrative purposes.",
      "oids" : ["2.16.840.1.113883.4.642.4.2"],
      "uses" : {
      },
      "http://hl7.org/fhir/R4/valueset-administrative-gender.html" : "AdministrativeGender"
    },
    {
      "url" : "http://hl7.org/fhir/appointmentstatus",
      "version" : "4.0.1",
      "status" : "draft",
      "name" : "AppointmentStatus",
      "title" : "AppointmentStatus",
      "description" : "The free/busy status of an appointment.",
      "oids" : ["2.16.840.1.113883.4.642.4.485"],
      "uses" : {
      },
      "ValueSet-medme-appointment-status.html" : "MedMe Appointment Status"
    },
    {
      "url" : "http://hl7.org/fhir/contact-point-system",
      "version" : "4.0.1",
      "status" : "active",
      "name" : "ContactPointSystem",
      "title" : "ContactPointSystem",
      "description" : "Telecommunications form for contact point.",
      "oids" : ["2.16.840.1.113883.4.642.4.72"],
      "uses" : {
      },
      "http://hl7.org/fhir/R4/valueset-contact-point-system.html" : "ContactPointSystem"
    },
    {
      "url" : "http://hl7.org/fhir/contact-point-use",
      "version" : "4.0.1",
      "status" : "active",
      "name" : "ContactPointUse",
      "title" : "ContactPointUse",
      "description" : "Use of contact point.",
      "oids" : ["2.16.840.1.113883.4.642.4.74"],
      "uses" : {
      },
      "http://hl7.org/fhir/R4/valueset-contact-point-use.html" : "ContactPointUse"
    },
    {
      "url" : "http://hl7.org/fhir/participationstatus",
      "version" : "4.0.1",
      "status" : "draft",
      "name" : "ParticipationStatus",
      "title" : "ParticipationStatus",
      "description" : "The Participation status of an appointment.",
      "oids" : ["2.16.840.1.113883.4.642.4.487"],
      "uses" : {
      },
      "http://hl7.org/fhir/R4/valueset-participationstatus.html" : "ParticipationStatus"
    },
    {
      "url" : "http://hl7.org/fhir/slotstatus",
      "version" : "4.0.1",
      "status" : "draft",
      "name" : "SlotStatus",
      "title" : "SlotStatus",
      "description" : "The free/busy status of the slot.",
      "oids" : ["2.16.840.1.113883.4.642.4.483"],
      "uses" : {
      },
      "http://hl7.org/fhir/R4/valueset-slotstatus.html" : "SlotStatus"
    },
    {
      "url" : "http://terminology.hl7.org/CodeSystem/v2-0276",
      "version" : "2.1.0",
      "status" : "active",
      "name" : "AppointmentReason",
      "title" : "appointmentReason",
      "description" : "Code system of concepts used to describe the kind of appointment or the reason why an appointment has been scheduled.  Used in HL7 Version 2.x messaging in the ARQ segment.",
      "oids" : ["2.16.840.1.113883.18.169"],
      "uses" : {
      },
      "ValueSet-medme-appointment-type.html" : "MedMe Appointment Type"
    }
  ]
}
