<?xml version="1.0" encoding="UTF-8"?>

<Bundle xmlns="http://hl7.org/fhir">
  <id value="13d79c3c-0243-41f8-a2f9-c73e3bd25ba0"/>
  <meta>
    <lastUpdated value="2025-12-02T11:11:22.563-03:00"/>
  </meta>
  <type value="collection"/>
  <entry>
    <fullUrl value="https://fhir.medmehealth.com/pharmacy-services/ValueSet/medme-appointment-status"/>
    <resource>
      <ValueSet>
        <text>
          <status value="generated"/>
          <div xmlns="http://www.w3.org/1999/xhtml">
            <p class="res-header-id"/>
            <p style="border: black 1px dotted; background-color: #EEEEEE; padding: 8px; margin-bottom: 8px">Expansion performed internally based on 
              <a href="http://hl7.org/fhir/R4/codesystem-appointmentstatus.html">codesystem AppointmentStatus v4.0.1 (CodeSystem)</a>
            </p>
            <p>This value set contains 5 concepts</p>
            <table class="codes">
              <tr>
                <td style="white-space:nowrap">
                  <b>Code</b>
                </td>
                <td>
                  <b>System</b>
                </td>
                <td>
                  <b>Display</b>
                </td>
                <td>
                  <b>Definition</b>
                </td>
              </tr>
              <tr>
                <td style="white-space:nowrap">
                  <a name="x-http://hl7.org/fhir/appointmentstatus-pending"> </a>  
                  <a href="http://hl7.org/fhir/R4/codesystem-appointmentstatus.html#appointmentstatus-pending">pending</a>
                </td>
                <td>http://hl7.org/fhir/appointmentstatus</td>
                <td>Pending</td>
                <td>
                  <div>
                    <p>Some or all of the participant(s) have not finalized their acceptance of the appointment request.</p>

                  </div>
                </td>
              </tr>
              <tr>
                <td style="white-space:nowrap">
                  <a name="x-http://hl7.org/fhir/appointmentstatus-booked"> </a>  
                  <a href="http://hl7.org/fhir/R4/codesystem-appointmentstatus.html#appointmentstatus-booked">booked</a>
                </td>
                <td>http://hl7.org/fhir/appointmentstatus</td>
                <td>Booked</td>
                <td>
                  <div>
                    <p>All participant(s) have been considered and the appointment is confirmed to go ahead at the date/times specified.</p>

                  </div>
                </td>
              </tr>
              <tr>
                <td style="white-space:nowrap">
                  <a name="x-http://hl7.org/fhir/appointmentstatus-cancelled"> </a>  
                  <a href="http://hl7.org/fhir/R4/codesystem-appointmentstatus.html#appointmentstatus-cancelled">cancelled</a>
                </td>
                <td>http://hl7.org/fhir/appointmentstatus</td>
                <td>Cancelled</td>
                <td>
                  <div>
                    <p>The appointment has been cancelled.</p>

                  </div>
                </td>
              </tr>
              <tr>
                <td style="white-space:nowrap">
                  <a name="x-http://hl7.org/fhir/appointmentstatus-fulfilled"> </a>  
                  <a href="http://hl7.org/fhir/R4/codesystem-appointmentstatus.html#appointmentstatus-fulfilled">fulfilled</a>
                </td>
                <td>http://hl7.org/fhir/appointmentstatus</td>
                <td>Fulfilled</td>
                <td>
                  <div>
                    <p>The planning stages of the appointment are now complete, the encounter resource will exist and will track further status changes. Note that an encounter may exist before the appointment status is fulfilled for many reasons.</p>

                  </div>
                </td>
              </tr>
              <tr>
                <td style="white-space:nowrap">
                  <a name="x-http://hl7.org/fhir/appointmentstatus-entered-in-error"> </a>  
                  <a href="http://hl7.org/fhir/R4/codesystem-appointmentstatus.html#appointmentstatus-entered-in-error">entered-in-error</a>
                </td>
                <td>http://hl7.org/fhir/appointmentstatus</td>
                <td>Entered in Error</td>
                <td>
                  <div>
                    <p>This instance should not have been part of this patient's medical record.</p>

                  </div>
                </td>
              </tr>
            </table>
          </div>
        </text>
        <url value="https://fhir.medmehealth.com/pharmacy-services/ValueSet/medme-appointment-status"/>
        <version value="0.9.23"/>
        <name value="MedMeAppointmentStatus"/>
        <title value="MedMe Appointment Status"/>
        <status value="draft"/>
        <date value="2025-12-02T11:10:54-03:00"/>
        <jurisdiction>
          <coding>
            <system value="urn:iso:std:iso:3166"/>
            <code value="CA"/>
          </coding>
        </jurisdiction>
        <expansion>
          <identifier value="urn:uuid:722955c5-ff63-46eb-b5ac-803b255c00a5"/>
          <timestamp value="2025-12-02T11:12:02-03:00"/>
          <total value="5"/>
          <offset value="0"/>
          <parameter>
            <name value="count"/>
            <valueInteger value="1000"/>
          </parameter>
          <parameter>
            <name value="offset"/>
            <valueInteger value="0"/>
          </parameter>
          <parameter>
            <name value="excludeNested"/>
            <valueBoolean value="false"/>
          </parameter>
          <parameter>
            <name value="used-codesystem"/>
            <valueUri value="http://hl7.org/fhir/appointmentstatus|4.0.1"/>
          </parameter>
          <contains>
            <system value="http://hl7.org/fhir/appointmentstatus"/>
            <code value="pending"/>
            <display value="Pending"/>
          </contains>
          <contains>
            <system value="http://hl7.org/fhir/appointmentstatus"/>
            <code value="booked"/>
            <display value="Booked"/>
          </contains>
          <contains>
            <system value="http://hl7.org/fhir/appointmentstatus"/>
            <code value="cancelled"/>
            <display value="Cancelled"/>
          </contains>
          <contains>
            <system value="http://hl7.org/fhir/appointmentstatus"/>
            <code value="fulfilled"/>
            <display value="Fulfilled"/>
          </contains>
          <contains>
            <system value="http://hl7.org/fhir/appointmentstatus"/>
            <code value="entered-in-error"/>
            <display value="Entered in Error"/>
          </contains>
        </expansion>
      </ValueSet>
    </resource>
  </entry>
</Bundle>