<?xml version="1.0" encoding="UTF-8"?>

<Bundle xmlns="http://hl7.org/fhir">
  <id value="7e1db9ef-aff5-477f-a9d9-41df2d2197f2"/>
  <meta>
    <lastUpdated value="2025-12-10T09:54:50.085-05:00"/>
  </meta>
  <type value="collection"/>
  <entry>
    <fullUrl value="https://fhir.medmehealth.com/pharmacy-services/ValueSet/medme-appointment-type"/>
    <resource>
      <ValueSet>
        <text>
          <status value="generated"/>
          <div xmlns="http://www.w3.org/1999/xhtml">
            <p class="res-header-id"/>
            <p style="border: black 1px dotted; background-color: #EEEEEE; padding: 8px; margin-bottom: 8px">Expansion performed internally based on 
              <a href="http://terminology.hl7.org/5.0.0/CodeSystem-v2-0276.html">codesystem appointmentReason v2.1.0 (CodeSystem)</a>
              <span class="copy-text-inline">
                <button data-clipboard-text="http://terminology.hl7.org/CodeSystem/v2-0276|2.1.0" title="Click to Copy URL" class="btn-copy"> </button>
              </span>
            </p>
            <p>This value set contains 2 concepts</p>
            <table class="codes" data-fhir="generated">
              <tr>
                <td>
                  <b>System</b>
                </td>
                <td style="white-space:nowrap">
                  <b>Code</b>
                </td>
                <td>
                  <b>Display (en)</b>
                </td>
                <td>
                  <b>
                    <a href="http://hl7.org/fhir/concept-properties#status">status</a>
                  </b>
                </td>
                <td>
                  <b>JSON</b>
                </td>
                <td>
                  <b>XML</b>
                </td>
              </tr>
              <tr>
                <td>
                  <a name="x-http://terminology.hl7.org/CodeSystem/v2-0276-WALKIN"> </a>
                  <code>http://terminology.hl7.org/CodeSystem/v2-0276</code>
                </td>
                <td style="white-space:nowrap">  
                  <a href="http://terminology.hl7.org/5.0.0/CodeSystem-v2-0276.html#v2-0276-WALKIN">WALKIN</a>
                </td>
                <td>Walk-in</td>
                <td>A</td>
                <td>
                  <span class="copy-text-inline">
                    <button data-clipboard-text="{&quot;system&quot;: &quot;http://terminology.hl7.org/CodeSystem/v2-0276&quot;, &quot;version&quot;: &quot;2.1.0&quot;, &quot;code&quot;: &quot;WALKIN&quot;, &quot;display&quot;: &quot;Walk-in&quot;}" title="Click to Copy as Coding" class="btn-copy"> </button>
                  </span>
                </td>
                <td>
                  <span class="copy-text-inline">
                    <button data-clipboard-text="&lt;coding&gt;&lt;system value=&quot;http://terminology.hl7.org/CodeSystem/v2-0276&quot;&gt;&lt;version value=&quot;2.1.0&quot;&gt;&lt;code value=&quot;WALKIN&quot;&gt;&lt;display value=&quot;Walk-in&quot;&gt;&lt;/coding&gt;" title="Click to Copy as Coding" class="btn-copy"> </button>
                  </span>
                </td>
              </tr>
              <tr>
                <td>
                  <a name="x-http://terminology.hl7.org/CodeSystem/v2-0276-ROUTINE"> </a>
                  <code>http://terminology.hl7.org/CodeSystem/v2-0276</code>
                </td>
                <td style="white-space:nowrap">  
                  <a href="http://terminology.hl7.org/5.0.0/CodeSystem-v2-0276.html#v2-0276-ROUTINE">ROUTINE</a>
                </td>
                <td>Routine</td>
                <td>A</td>
                <td>
                  <span class="copy-text-inline">
                    <button data-clipboard-text="{&quot;system&quot;: &quot;http://terminology.hl7.org/CodeSystem/v2-0276&quot;, &quot;version&quot;: &quot;2.1.0&quot;, &quot;code&quot;: &quot;ROUTINE&quot;, &quot;display&quot;: &quot;Routine&quot;}" title="Click to Copy as Coding" class="btn-copy"> </button>
                  </span>
                </td>
                <td>
                  <span class="copy-text-inline">
                    <button data-clipboard-text="&lt;coding&gt;&lt;system value=&quot;http://terminology.hl7.org/CodeSystem/v2-0276&quot;&gt;&lt;version value=&quot;2.1.0&quot;&gt;&lt;code value=&quot;ROUTINE&quot;&gt;&lt;display value=&quot;Routine&quot;&gt;&lt;/coding&gt;" title="Click to Copy as Coding" class="btn-copy"> </button>
                  </span>
                </td>
              </tr>
            </table>
          </div>
        </text>
        <url value="https://fhir.medmehealth.com/pharmacy-services/ValueSet/medme-appointment-type"/>
        <version value="0.9.25"/>
        <name value="MedMeAppointmentType"/>
        <title value="MedMe Appointment Type"/>
        <status value="draft"/>
        <date value="2025-12-10T09:54:50-05:00"/>
        <jurisdiction>
          <coding>
            <system value="urn:iso:std:iso:3166"/>
            <code value="CA"/>
          </coding>
        </jurisdiction>
        <expansion>
          <identifier value="urn:uuid:947669a9-5b60-4f7e-82fc-387fab57f25a"/>
          <timestamp value="2025-12-10T09:55:29-05:00"/>
          <total value="2"/>
          <offset value="0"/>
          <parameter>
            <name value="displayLanguage"/>
            <valueCode value="en"/>
          </parameter>
          <parameter>
            <name value="count"/>
            <valueInteger value="1000"/>
          </parameter>
          <parameter>
            <name value="offset"/>
            <valueInteger value="0"/>
          </parameter>
          <parameter>
            <name value="excludeNested"/>
            <valueBoolean value="false"/>
          </parameter>
          <parameter>
            <name value="used-codesystem"/>
            <valueUri value="http://terminology.hl7.org/CodeSystem/v2-0276|2.1.0"/>
          </parameter>
          <property>
            <code value="status"/>
            <uri value="http://hl7.org/fhir/concept-properties#status"/>
          </property>
          <contains>
            <system value="http://terminology.hl7.org/CodeSystem/v2-0276"/>
            <code value="WALKIN"/>
            <display value="Walk-in"/>
            <property>
              <code value="status"/>
              <valueCode value="A"/>
            </property>
          </contains>
          <contains>
            <system value="http://terminology.hl7.org/CodeSystem/v2-0276"/>
            <code value="ROUTINE"/>
            <display value="Routine"/>
            <property>
              <code value="status"/>
              <valueCode value="A"/>
            </property>
          </contains>
        </expansion>
      </ValueSet>
    </resource>
  </entry>
</Bundle>