{
  "package": "medme.fhir.pharmacy.services",
  "version": "0.9.20",
  "fhirVersion": "4.0.1",
  "jurisdiction": "CA",
  "extensions": [
    {
      "url": "http://hl7.org/fhir/StructureDefinition/artifact-contact",
      "title": "Artifact Contact",
      "types": [
        "base64Binary",
        "boolean",
        "canonical",
        "code",
        "date",
        "dateTime",
        "decimal",
        "id",
        "instant",
        "integer",
        "markdown",
        "oid",
        "positiveInt",
        "string",
        "time",
        "unsignedInt",
        "uri",
        "url",
        "uuid",
        "Address",
        "Age",
        "Annotation",
        "Attachment",
        "CodeableConcept",
        "Coding",
        "ContactPoint",
        "Count",
        "Distance",
        "Duration",
        "HumanName",
        "Identifier",
        "Money",
        "Period",
        "Quantity",
        "Range",
        "Ratio",
        "Reference",
        "SampledData",
        "Signature",
        "Timing",
        "ContactDetail",
        "Contributor",
        "DataRequirement",
        "Expression",
        "ParameterDefinition",
        "RelatedArtifact",
        "TriggerDefinition",
        "UsageContext",
        "Dosage",
        "Meta"
      ]
    },
    {
      "url": "https://fhir.medmehealth.com/pharmacy-services/StructureDefinition/appointment-mode",
      "title": "Appointment Mode",
      "types": [
        "string"
      ]
    },
    {
      "url": "https://fhir.medmehealth.com/pharmacy-services/StructureDefinition/communication-language",
      "title": "Communication Language",
      "types": [
        "CodeableConcept",
        "string",
        "Extension",
        "Coding",
        "string",
        "Extension",
        "uri",
        "string",
        "code",
        "string",
        "boolean",
        "string"
      ]
    },
    {
      "url": "https://fhir.medmehealth.com/pharmacy-services/StructureDefinition/default-duration",
      "title": "Default Duration",
      "types": [
        "integer"
      ]
    },
    {
      "url": "https://fhir.medmehealth.com/pharmacy-services/StructureDefinition/group-size",
      "title": "Group Size",
      "types": [
        "integer"
      ]
    },
    {
      "url": "https://fhir.medmehealth.com/pharmacy-services/StructureDefinition/invalidated-at",
      "title": "Invalidated At",
      "types": [
        "dateTime"
      ]
    },
    {
      "url": "https://fhir.medmehealth.com/pharmacy-services/StructureDefinition/is-cancellation-allowed",
      "title": "Is Cancellation Allowed",
      "types": [
        "boolean"
      ]
    },
    {
      "url": "https://fhir.medmehealth.com/pharmacy-services/StructureDefinition/is-public",
      "title": "Is Public",
      "types": [
        "boolean"
      ]
    },
    {
      "url": "https://fhir.medmehealth.com/pharmacy-services/StructureDefinition/is-rescheduling-allowed",
      "title": "Is Rescheduling Allowed",
      "types": [
        "boolean"
      ]
    },
    {
      "url": "https://fhir.medmehealth.com/pharmacy-services/StructureDefinition/is-waitlisted",
      "title": "Is Waitlisted",
      "types": [
        "boolean"
      ]
    },
    {
      "url": "https://fhir.medmehealth.com/pharmacy-services/StructureDefinition/location-id",
      "title": "Location ID",
      "types": [
        "string"
      ]
    }
  ],
  "profiles": {
    "Appointment": [
      {
        "url": "https://fhir.medmehealth.com/pharmacy-services/StructureDefinition/medme-pharmacy-appointment",
        "title": "MedMe Pharmacy Appointment"
      }
    ],
    "HealthcareService": [
      {
        "url": "https://fhir.medmehealth.com/pharmacy-services/StructureDefinition/medme-pharmacy-healthcareservice",
        "title": "MedMe Pharmacy HealthcareService"
      }
    ],
    "Location": [
      {
        "url": "https://fhir.medmehealth.com/pharmacy-services/StructureDefinition/medme-pharmacy-location",
        "title": "MedMe Pharmacy Location"
      }
    ],
    "Organization": [
      {
        "url": "https://fhir.medmehealth.com/pharmacy-services/StructureDefinition/medme-pharmacy-organization",
        "title": "MedMe Pharmacy Organization"
      }
    ],
    "Patient": [
      {
        "url": "https://fhir.medmehealth.com/pharmacy-services/StructureDefinition/medme-pharmacy-patient",
        "title": "MedMe Pharmacy Patient"
      }
    ],
    "Schedule": [
      {
        "url": "https://fhir.medmehealth.com/pharmacy-services/StructureDefinition/medme-pharmacy-schedule",
        "title": "MedMe Pharmacy Schedule"
      }
    ],
    "Slot": [
      {
        "url": "https://fhir.medmehealth.com/pharmacy-services/StructureDefinition/medme-pharmacy-slot",
        "title": "MedMe Pharmacy Slot"
      }
    ]
  },
  "usage": {
    "http://fhir.infoway-inforoute.ca/cacore/StructureDefinition/ext-communicationbarrier": [
      "Patient"
    ],
    "http://fhir.infoway-inforoute.ca/cacore/StructureDefinition/indigenous-identity-ca-core": [
      "Patient"
    ],
    "http://fhir.infoway-inforoute.ca/cacore/StructureDefinition/individual-pronouns-ca-core": [
      "Patient"
    ],
    "http://fhir.infoway-inforoute.ca/cacore/StructureDefinition/racialized-group-ca-core": [
      "Patient"
    ],
    "http://hl7.org/fhir/StructureDefinition/artifact-contact": [
      "Appointment"
    ],
    "http://hl7.org/fhir/StructureDefinition/elementdefinition-bestpractice": [
      "StructureDefinition.snapshot.element.constraint"
    ],
    "http://hl7.org/fhir/StructureDefinition/elementdefinition-bestpractice-explanation": [
      "StructureDefinition.snapshot.element.constraint"
    ],
    "http://hl7.org/fhir/StructureDefinition/elementdefinition-bindingName": [
      "StructureDefinition.snapshot.element.binding"
    ],
    "http://hl7.org/fhir/StructureDefinition/elementdefinition-isCommonBinding": [
      "StructureDefinition.snapshot.element.binding"
    ],
    "http://hl7.org/fhir/StructureDefinition/elementdefinition-maxValueSet": [
      "StructureDefinition.snapshot.element.binding"
    ],
    "http://hl7.org/fhir/StructureDefinition/elementdefinition-translatable": [
      "StructureDefinition.snapshot.element"
    ],
    "http://hl7.org/fhir/StructureDefinition/individual-genderIdentity": [
      "Patient"
    ],
    "http://hl7.org/fhir/StructureDefinition/individual-recordedSexOrGender": [
      "Patient"
    ],
    "http://hl7.org/fhir/StructureDefinition/patient-birthTime": [
      "Patient.birthDate"
    ],
    "http://hl7.org/fhir/StructureDefinition/regex": [
      "StructureDefinition.snapshot.element.type"
    ],
    "http://hl7.org/fhir/StructureDefinition/structuredefinition-fhir-type": [
      "StructureDefinition.snapshot.element.type"
    ],
    "http://hl7.org/fhir/StructureDefinition/structuredefinition-hierarchy": [
      "StructureDefinition.snapshot.element.type"
    ],
    "http://hl7.org/fhir/StructureDefinition/structuredefinition-normative-version": [
      "StructureDefinition.snapshot.element"
    ],
    "http://hl7.org/fhir/StructureDefinition/structuredefinition-standards-status": [
      "StructureDefinition.snapshot.element"
    ],
    "http://hl7.org/fhir/ca/baseline/StructureDefinition/ext-identifierversion": [
      "Patient.identifier"
    ],
    "http://hl7.org/fhir/ca/baseline/StructureDefinition/ext-patientbirthsex": [
      "Patient"
    ],
    "http://hl7.org/fhir/tools/StructureDefinition/ig-internal-dependency": [
      "ImplementationGuide.definition"
    ],
    "http://hl7.org/fhir/tools/StructureDefinition/ig-page-name": [
      "ImplementationGuide.definition.page",
      "ImplementationGuide.definition.page.page"
    ],
    "http://hl7.org/fhir/tools/StructureDefinition/ig-parameter": [
      "ImplementationGuide.definition"
    ],
    "http://hl7.org/fhir/tools/StructureDefinition/implementationguide-dependency-comment": [
      "ImplementationGuide.dependsOn"
    ],
    "http://hl7.org/fhir/tools/StructureDefinition/resource-information": [
      "ImplementationGuide.definition.resource"
    ],
    "http://hl7.org/fhir/tools/StructureDefinition/snapshot-base-version": [
      "StructureDefinition.snapshot"
    ],
    "https://build.fhir.org/ig/HL7-Canada/ca-baseline/StructureDefinition-ext-identifierversion.html": [
      "Patient.identifier"
    ],
    "https://fhir.medmehealth.com/pharmacy-services/StructureDefinition/appointment-mode": [
      "Appointment"
    ],
    "https://fhir.medmehealth.com/pharmacy-services/StructureDefinition/communication-language": [
      "Appointment"
    ],
    "https://fhir.medmehealth.com/pharmacy-services/StructureDefinition/default-duration": [
      "HealthcareService"
    ],
    "https://fhir.medmehealth.com/pharmacy-services/StructureDefinition/group-size": [
      "Slot"
    ],
    "https://fhir.medmehealth.com/pharmacy-services/StructureDefinition/invalidated-at": [
      "Slot"
    ],
    "https://fhir.medmehealth.com/pharmacy-services/StructureDefinition/is-cancellation-allowed": [
      "HealthcareService"
    ],
    "https://fhir.medmehealth.com/pharmacy-services/StructureDefinition/is-public": [
      "HealthcareService"
    ],
    "https://fhir.medmehealth.com/pharmacy-services/StructureDefinition/is-rescheduling-allowed": [
      "HealthcareService"
    ],
    "https://fhir.medmehealth.com/pharmacy-services/StructureDefinition/is-waitlisted": [
      "HealthcareService"
    ],
    "https://fhir.medmehealth.com/pharmacy-services/StructureDefinition/location-id": [
      "Patient"
    ]
  }
}