<?xml version="1.0" encoding="UTF-8"?>

<ValueSet xmlns="http://hl7.org/fhir">
  <id value="medme-appointment-type"/>
  <text>
    <status value="generated"/><div xmlns="http://www.w3.org/1999/xhtml"><p class="res-header-id"><b>Generated Narrative: ValueSet medme-appointment-type</b></p><a name="medme-appointment-type"> </a><a name="hcmedme-appointment-type"> </a><ul><li>Include these codes as defined in <code>https://terminology.hl7.org/CodeSystem/v2-0276</code><span title="Version is not explicity stated. No matching Code System found"> version Not Stated (use latest from terminology server)</span><table class="none"><tr><td style="white-space:nowrap"><b>Code</b></td><td><b>Display</b></td></tr><tr><td>WALKIN</td><td>Walk-in</td></tr><tr><td>ROUTINE</td><td>Routine</td></tr></table></li></ul></div>
  </text>
  <url value="https://fhir.medmehealth.com/pharmacy-services/ValueSet/medme-appointment-type"/>
  <version value="0.9.21"/>
  <name value="MedMeAppointmentType"/>
  <title value="MedMe Appointment Type"/>
  <status value="draft"/>
  <date value="2025-11-24T17:38:48-05:00"/>
  <publisher value="MedMe Health"/>
  <contact>
    <name value="MedMe Health"/>
    <telecom>
      <system value="url"/>
      <value value="https://medmehealth.com"/>
    </telecom>
    <telecom>
      <system value="email"/>
      <value value="fhir@medmehealth.com"/>
    </telecom>
  </contact>
  <description value="Supported appointment types for MedMe pharmacy services (WALKIN and ROUTINE only)"/>
  <jurisdiction>
    <coding>
      <system value="urn:iso:std:iso:3166"/>
      <code value="CA"/>
    </coding>
  </jurisdiction>
  <compose>
    <include>
      <system value="https://terminology.hl7.org/CodeSystem/v2-0276"/>
      <concept>
        <code value="WALKIN"/>
        <display value="Walk-in"/>
      </concept>
      <concept>
        <code value="ROUTINE"/>
        <display value="Routine"/>
      </concept>
    </include>
  </compose>
</ValueSet>