{
  "codeSystems" : [
    {
      "url" : "http://hl7.org/fhir/ValueSet/address-type",
      "version" : "4.0.1",
      "status" : "active",
      "name" : "AddressType",
      "title" : "AddressType",
      "description" : "The type of an address (physical / postal).",
      "systems" : ["http://hl7.org/fhir/address-type"],
      "oids" : ["2.16.840.1.113883.4.642.3.69"],
      "sources" : ["2.16.840.1.113883.4.642.3.69"],
      "uses" : {
      },
      "StructureDefinition-medme-pharmacy-location.html" : "MedMe Pharmacy Location",
      "StructureDefinition-medme-pharmacy-patient.html" : "MedMe Pharmacy Patient",
      "StructureDefinition-medme-pharmacy-organization.html" : "MedMe Pharmacy Organization"
    },
    {
      "url" : "http://hl7.org/fhir/ValueSet/address-use",
      "version" : "4.0.1",
      "status" : "active",
      "name" : "AddressUse",
      "title" : "AddressUse",
      "description" : "The use of an address.",
      "systems" : ["http://hl7.org/fhir/address-use"],
      "oids" : ["2.16.840.1.113883.4.642.3.67"],
      "sources" : ["2.16.840.1.113883.4.642.3.67"],
      "uses" : {
      },
      "StructureDefinition-medme-pharmacy-location.html" : "MedMe Pharmacy Location",
      "StructureDefinition-medme-pharmacy-patient.html" : "MedMe Pharmacy Patient",
      "StructureDefinition-medme-pharmacy-organization.html" : "MedMe Pharmacy Organization"
    },
    {
      "url" : "http://hl7.org/fhir/ValueSet/administrative-gender",
      "version" : "4.0.1",
      "status" : "active",
      "name" : "AdministrativeGender",
      "title" : "AdministrativeGender",
      "description" : "The gender of a person used for administrative purposes.",
      "systems" : ["http://hl7.org/fhir/administrative-gender"],
      "oids" : ["2.16.840.1.113883.4.642.3.1"],
      "sources" : ["2.16.840.1.113883.4.642.3.1"],
      "uses" : {
      },
      "StructureDefinition-medme-pharmacy-patient.html" : "MedMe Pharmacy Patient"
    },
    {
      "url" : "http://hl7.org/fhir/ValueSet/appointment-cancellation-reason",
      "version" : "4.0.1",
      "status" : "draft",
      "name" : "AppointmentCancellationReason",
      "title" : "Appointment cancellation reason",
      "description" : "This example value set defines a set of reasons for the cancellation of an appointment.",
      "systems" : [
        "http://terminology.hl7.org/CodeSystem/appointment-cancellation-reason"
      ],
      "oids" : ["2.16.840.1.113883.4.642.3.1381"],
      "sources" : ["2.16.840.1.113883.4.642.3.1381"],
      "uses" : {
      },
      "StructureDefinition-medme-pharmacy-appointment.html" : "MedMe Pharmacy Appointment"
    },
    {
      "url" : "http://hl7.org/fhir/ValueSet/c80-practice-codes",
      "version" : "4.0.1",
      "status" : "active",
      "name" : "PracticeSettingCodeValueSet",
      "title" : "Practice Setting Code Value Set",
      "description" : "This is the code representing the clinical specialty of the clinician or provider who interacted with, treated, or provided a service to/for the patient. The value set used for clinical specialty has been limited by HITSP to the value set reproduced from HITSP C80 Table 2-149 Clinical Specialty Value Set Definition.",
      "systems" : ["http://snomed.info/sct"],
      "oids" : ["2.16.840.1.113883.3.88.12.80.72"],
      "sources" : ["2.16.840.1.113883.3.88.12.80.72"],
      "uses" : {
      },
      "StructureDefinition-medme-pharmacy-healthcareservice.html" : "MedMe Pharmacy HealthcareService",
      "StructureDefinition-medme-pharmacy-appointment.html" : "MedMe Pharmacy Appointment",
      "StructureDefinition-medme-pharmacy-schedule.html" : "MedMe Pharmacy Schedule",
      "StructureDefinition-medme-pharmacy-slot.html" : "MedMe Pharmacy Slot"
    },
    {
      "url" : "http://hl7.org/fhir/ValueSet/common-tags",
      "version" : "4.0.1",
      "status" : "draft",
      "name" : "CommonTags",
      "title" : "Common Tags",
      "description" : "Common Tag Codes defined by FHIR project",
      "systems" : ["http://terminology.hl7.org/CodeSystem/common-tags"],
      "oids" : ["2.16.840.1.113883.4.642.3.79"],
      "sources" : ["2.16.840.1.113883.4.642.3.79"],
      "uses" : {
      },
      "StructureDefinition-medme-pharmacy-patient.html" : "MedMe Pharmacy Patient"
    },
    {
      "url" : "http://hl7.org/fhir/ValueSet/contact-point-system",
      "version" : "4.0.1",
      "status" : "active",
      "name" : "ContactPointSystem",
      "title" : "ContactPointSystem",
      "description" : "Telecommunications form for contact point.",
      "systems" : ["http://hl7.org/fhir/contact-point-system"],
      "oids" : ["2.16.840.1.113883.4.642.3.71"],
      "sources" : ["2.16.840.1.113883.4.642.3.71"],
      "uses" : {
      },
      "StructureDefinition-medme-pharmacy-location.html" : "MedMe Pharmacy Location",
      "StructureDefinition-medme-pharmacy-organization.html" : "MedMe Pharmacy Organization"
    },
    {
      "url" : "http://hl7.org/fhir/ValueSet/contact-point-use",
      "version" : "4.0.1",
      "status" : "active",
      "name" : "ContactPointUse",
      "title" : "ContactPointUse",
      "description" : "Use of contact point.",
      "systems" : ["http://hl7.org/fhir/contact-point-use"],
      "oids" : ["2.16.840.1.113883.4.642.3.73"],
      "sources" : ["2.16.840.1.113883.4.642.3.73"],
      "uses" : {
      },
      "StructureDefinition-medme-pharmacy-location.html" : "MedMe Pharmacy Location",
      "StructureDefinition-medme-pharmacy-patient.html" : "MedMe Pharmacy Patient",
      "StructureDefinition-medme-pharmacy-organization.html" : "MedMe Pharmacy Organization"
    },
    {
      "url" : "http://hl7.org/fhir/ValueSet/contactentity-type",
      "version" : "4.0.1",
      "status" : "draft",
      "name" : "ContactEntityType",
      "title" : "Contact entity type",
      "description" : "This example value set defines a set of codes that can be used to indicate the purpose for which you would contact a contact party.",
      "systems" : ["http://terminology.hl7.org/CodeSystem/contactentity-type"],
      "oids" : ["2.16.840.1.113883.4.642.3.416"],
      "sources" : ["2.16.840.1.113883.4.642.3.416"],
      "uses" : {
      },
      "StructureDefinition-medme-pharmacy-organization.html" : "MedMe Pharmacy Organization"
    },
    {
      "url" : "http://hl7.org/fhir/ValueSet/days-of-week",
      "version" : "4.0.1",
      "status" : "active",
      "name" : "DaysOfWeek",
      "title" : "DaysOfWeek",
      "description" : "The days of the week.",
      "systems" : ["http://hl7.org/fhir/days-of-week"],
      "oids" : ["2.16.840.1.113883.4.642.3.512"],
      "sources" : ["2.16.840.1.113883.4.642.3.512"],
      "uses" : {
      },
      "StructureDefinition-medme-pharmacy-healthcareservice.html" : "MedMe Pharmacy HealthcareService",
      "StructureDefinition-medme-pharmacy-location.html" : "MedMe Pharmacy Location"
    },
    {
      "url" : "http://hl7.org/fhir/ValueSet/encounter-participant-type",
      "version" : "4.0.1",
      "status" : "draft",
      "name" : "ParticipantType",
      "title" : "Participant type",
      "description" : "This value set defines a set of codes that can be used to indicate how an individual participates in an encounter.",
      "systems" : [
        "http://terminology.hl7.org/CodeSystem/participant-type",
        "http://terminology.hl7.org/CodeSystem/v3-ParticipationType"
      ],
      "oids" : ["2.16.840.1.113883.4.642.3.250"],
      "sources" : ["2.16.840.1.113883.4.642.3.250"],
      "uses" : {
      },
      "StructureDefinition-medme-pharmacy-appointment.html" : "MedMe Pharmacy Appointment"
    },
    {
      "url" : "http://hl7.org/fhir/ValueSet/encounter-reason",
      "version" : "4.0.1",
      "status" : "draft",
      "name" : "EncounterReasonCodes",
      "title" : "Encounter Reason Codes",
      "description" : "This examples value set defines the set of codes that can be used to indicate reasons for an encounter.",
      "systems" : ["http://snomed.info/sct"],
      "oids" : ["2.16.840.1.113883.4.642.3.261"],
      "sources" : ["2.16.840.1.113883.4.642.3.261"],
      "uses" : {
      },
      "StructureDefinition-medme-pharmacy-appointment.html" : "MedMe Pharmacy Appointment"
    },
    {
      "url" : "http://hl7.org/fhir/ValueSet/identifier-type",
      "version" : "4.0.1",
      "status" : "active",
      "name" : "Identifier Type Codes",
      "title" : "IdentifierType",
      "description" : "A coded type for an identifier that can be used to determine which identifier to use for a specific purpose.",
      "systems" : ["http://terminology.hl7.org/CodeSystem/v2-0203"],
      "oids" : ["2.16.840.1.113883.4.642.3.45"],
      "sources" : ["2.16.840.1.113883.4.642.3.45"],
      "uses" : {
      },
      "StructureDefinition-medme-pharmacy-healthcareservice.html" : "MedMe Pharmacy HealthcareService",
      "StructureDefinition-medme-pharmacy-location.html" : "MedMe Pharmacy Location",
      "StructureDefinition-medme-pharmacy-patient.html" : "MedMe Pharmacy Patient",
      "StructureDefinition-medme-pharmacy-appointment.html" : "MedMe Pharmacy Appointment",
      "StructureDefinition-medme-pharmacy-organization.html" : "MedMe Pharmacy Organization",
      "StructureDefinition-medme-pharmacy-schedule.html" : "MedMe Pharmacy Schedule",
      "StructureDefinition-medme-pharmacy-slot.html" : "MedMe Pharmacy Slot"
    },
    {
      "url" : "http://hl7.org/fhir/ValueSet/identifier-use",
      "version" : "4.0.1",
      "status" : "active",
      "name" : "IdentifierUse",
      "title" : "IdentifierUse",
      "description" : "Identifies the purpose for this identifier, if known .",
      "systems" : ["http://hl7.org/fhir/identifier-use"],
      "oids" : ["2.16.840.1.113883.4.642.3.57"],
      "sources" : ["2.16.840.1.113883.4.642.3.57"],
      "uses" : {
      },
      "StructureDefinition-medme-pharmacy-healthcareservice.html" : "MedMe Pharmacy HealthcareService",
      "StructureDefinition-medme-pharmacy-location.html" : "MedMe Pharmacy Location",
      "StructureDefinition-medme-pharmacy-patient.html" : "MedMe Pharmacy Patient",
      "StructureDefinition-medme-pharmacy-appointment.html" : "MedMe Pharmacy Appointment",
      "StructureDefinition-medme-pharmacy-organization.html" : "MedMe Pharmacy Organization",
      "StructureDefinition-medme-pharmacy-schedule.html" : "MedMe Pharmacy Schedule",
      "StructureDefinition-medme-pharmacy-slot.html" : "MedMe Pharmacy Slot"
    },
    {
      "url" : "http://hl7.org/fhir/ValueSet/languages",
      "version" : "4.0.1",
      "status" : "draft",
      "name" : "CommonLanguages",
      "title" : "Common Languages",
      "description" : "This value set includes common codes from BCP-47 (http://tools.ietf.org/html/bcp47)",
      "systems" : ["urn:ietf:bcp:47"],
      "oids" : ["2.16.840.1.113883.4.642.3.20"],
      "sources" : ["2.16.840.1.113883.4.642.3.20"],
      "uses" : {
      },
      "StructureDefinition-medme-pharmacy-healthcareservice.html" : "MedMe Pharmacy HealthcareService",
      "StructureDefinition-medme-pharmacy-location.html" : "MedMe Pharmacy Location",
      "StructureDefinition-medme-pharmacy-patient.html" : "MedMe Pharmacy Patient",
      "StructureDefinition-medme-pharmacy-appointment.html" : "MedMe Pharmacy Appointment",
      "StructureDefinition-medme-pharmacy-organization.html" : "MedMe Pharmacy Organization",
      "StructureDefinition-medme-pharmacy-schedule.html" : "MedMe Pharmacy Schedule",
      "StructureDefinition-medme-pharmacy-slot.html" : "MedMe Pharmacy Slot"
    },
    {
      "url" : "http://hl7.org/fhir/ValueSet/link-type",
      "version" : "4.0.1",
      "status" : "active",
      "name" : "LinkType",
      "title" : "LinkType",
      "description" : "The type of link between this patient resource and another patient resource.",
      "systems" : ["http://hl7.org/fhir/link-type"],
      "oids" : ["2.16.840.1.113883.4.642.3.423"],
      "sources" : ["2.16.840.1.113883.4.642.3.423"],
      "uses" : {
      },
      "StructureDefinition-medme-pharmacy-patient.html" : "MedMe Pharmacy Patient"
    },
    {
      "url" : "http://hl7.org/fhir/ValueSet/location-mode",
      "version" : "4.0.1",
      "status" : "draft",
      "name" : "LocationMode",
      "title" : "LocationMode",
      "description" : "Indicates whether a resource instance represents a specific location or a class of locations.",
      "systems" : ["http://hl7.org/fhir/location-mode"],
      "oids" : ["2.16.840.1.113883.4.642.3.330"],
      "sources" : ["2.16.840.1.113883.4.642.3.330"],
      "uses" : {
      },
      "StructureDefinition-medme-pharmacy-location.html" : "MedMe Pharmacy Location"
    },
    {
      "url" : "http://hl7.org/fhir/ValueSet/location-physical-type",
      "version" : "4.0.1",
      "status" : "draft",
      "name" : "LocationType",
      "title" : "Location type",
      "description" : "This example value set defines a set of codes that can be used to indicate the physical form of the Location.",
      "systems" : [
        "http://terminology.hl7.org/CodeSystem/location-physical-type"
      ],
      "oids" : ["2.16.840.1.113883.4.642.3.328"],
      "sources" : ["2.16.840.1.113883.4.642.3.328"],
      "uses" : {
      },
      "StructureDefinition-medme-pharmacy-location.html" : "MedMe Pharmacy Location"
    },
    {
      "url" : "http://hl7.org/fhir/ValueSet/location-status",
      "version" : "4.0.1",
      "status" : "draft",
      "name" : "LocationStatus",
      "title" : "LocationStatus",
      "description" : "Indicates whether the location is still in use.",
      "systems" : ["http://hl7.org/fhir/location-status"],
      "oids" : ["2.16.840.1.113883.4.642.3.332"],
      "sources" : ["2.16.840.1.113883.4.642.3.332"],
      "uses" : {
      },
      "StructureDefinition-medme-pharmacy-location.html" : "MedMe Pharmacy Location"
    },
    {
      "url" : "http://hl7.org/fhir/ValueSet/marital-status",
      "version" : "4.0.1",
      "status" : "active",
      "name" : "Marital Status Codes",
      "title" : "MaritalStatus",
      "description" : "This value set defines the set of codes that can be used to indicate the marital status of a person.",
      "systems" : [
        "http://terminology.hl7.org/CodeSystem/v3-MaritalStatus",
        "http://terminology.hl7.org/CodeSystem/v3-NullFlavor"
      ],
      "oids" : ["2.16.840.1.113883.4.642.3.29"],
      "sources" : ["2.16.840.1.113883.4.642.3.29"],
      "uses" : {
      },
      "StructureDefinition-medme-pharmacy-patient.html" : "MedMe Pharmacy Patient"
    },
    {
      "url" : "http://hl7.org/fhir/ValueSet/name-use",
      "version" : "4.0.1",
      "status" : "active",
      "name" : "NameUse",
      "title" : "NameUse",
      "description" : "The use of a human name.",
      "systems" : ["http://hl7.org/fhir/name-use"],
      "oids" : ["2.16.840.1.113883.4.642.3.65"],
      "sources" : ["2.16.840.1.113883.4.642.3.65"],
      "uses" : {
      },
      "StructureDefinition-medme-pharmacy-patient.html" : "MedMe Pharmacy Patient"
    },
    {
      "url" : "http://hl7.org/fhir/ValueSet/organization-type",
      "version" : "4.0.1",
      "status" : "draft",
      "name" : "OrganizationType",
      "title" : "Organization type",
      "description" : "This example value set defines a set of codes that can be used to indicate a type of organization.",
      "systems" : ["http://terminology.hl7.org/CodeSystem/organization-type"],
      "oids" : ["2.16.840.1.113883.4.642.3.414"],
      "sources" : ["2.16.840.1.113883.4.642.3.414"],
      "uses" : {
      },
      "StructureDefinition-medme-pharmacy-organization.html" : "MedMe Pharmacy Organization"
    },
    {
      "url" : "http://hl7.org/fhir/ValueSet/participantrequired",
      "version" : "4.0.1",
      "status" : "draft",
      "name" : "ParticipantRequired",
      "title" : "ParticipantRequired",
      "description" : "Is the Participant required to attend the appointment.",
      "systems" : ["http://hl7.org/fhir/participantrequired"],
      "oids" : ["2.16.840.1.113883.4.642.3.488"],
      "sources" : ["2.16.840.1.113883.4.642.3.488"],
      "uses" : {
      },
      "StructureDefinition-medme-pharmacy-appointment.html" : "MedMe Pharmacy Appointment"
    },
    {
      "url" : "http://hl7.org/fhir/ValueSet/patient-contactrelationship",
      "version" : "4.0.1",
      "status" : "active",
      "name" : "PatientContactRelationship",
      "title" : "Patient Contact Relationship ",
      "description" : "The nature of the relationship between the patient and the contact person.",
      "systems" : ["http://terminology.hl7.org/CodeSystem/v2-0131"],
      "oids" : ["2.16.840.1.113883.4.642.3.1130"],
      "sources" : ["2.16.840.1.113883.4.642.3.1130"],
      "uses" : {
      },
      "StructureDefinition-medme-pharmacy-patient.html" : "MedMe Pharmacy Patient"
    },
    {
      "url" : "http://hl7.org/fhir/ValueSet/program",
      "version" : "4.0.1",
      "status" : "draft",
      "name" : "Program",
      "title" : "Program",
      "description" : "This value set defines an example set of codes that could be can be used to classify groupings of service-types/specialties.",
      "systems" : ["http://terminology.hl7.org/CodeSystem/program"],
      "oids" : ["2.16.840.1.113883.4.642.3.1383"],
      "sources" : ["2.16.840.1.113883.4.642.3.1383"],
      "uses" : {
      },
      "StructureDefinition-medme-pharmacy-healthcareservice.html" : "MedMe Pharmacy HealthcareService"
    },
    {
      "url" : "http://hl7.org/fhir/ValueSet/security-labels",
      "version" : "4.0.1",
      "status" : "active",
      "name" : "All Security Labels",
      "title" : "SecurityLabels",
      "description" : "A single value set for all security labels defined by FHIR.",
      "systems" : [
        "http://terminology.hl7.org/CodeSystem/v3-ActReason",
        "http://terminology.hl7.org/CodeSystem/v3-ActUSPrivacyLaw",
        "http://terminology.hl7.org/CodeSystem/v3-ObservationValue",
        "http://terminology.hl7.org/CodeSystem/v3-ActCode",
        "http://terminology.hl7.org/CodeSystem/v3-Confidentiality"
      ],
      "oids" : ["2.16.840.1.113883.4.642.3.47"],
      "sources" : ["2.16.840.1.113883.4.642.3.47"],
      "uses" : {
      },
      "StructureDefinition-medme-pharmacy-patient.html" : "MedMe Pharmacy Patient"
    },
    {
      "url" : "http://hl7.org/fhir/ValueSet/service-category",
      "version" : "4.0.1",
      "status" : "draft",
      "name" : "ServiceCategory",
      "title" : "Service category",
      "description" : "This value set defines an example set of codes that can be used to classify groupings of service-types/specialties.",
      "systems" : ["http://terminology.hl7.org/CodeSystem/service-category"],
      "oids" : ["2.16.840.1.113883.4.642.3.516"],
      "sources" : ["2.16.840.1.113883.4.642.3.516"],
      "uses" : {
      },
      "StructureDefinition-medme-pharmacy-healthcareservice.html" : "MedMe Pharmacy HealthcareService",
      "StructureDefinition-medme-pharmacy-appointment.html" : "MedMe Pharmacy Appointment",
      "StructureDefinition-medme-pharmacy-schedule.html" : "MedMe Pharmacy Schedule",
      "StructureDefinition-medme-pharmacy-slot.html" : "MedMe Pharmacy Slot"
    },
    {
      "url" : "http://hl7.org/fhir/ValueSet/service-provision-conditions",
      "version" : "4.0.1",
      "status" : "draft",
      "name" : "ServiceProvisionConditions",
      "title" : "ServiceProvisionConditions",
      "description" : "The code(s) that detail the conditions under which the healthcare service is available/offered.",
      "systems" : [
        "http://terminology.hl7.org/CodeSystem/service-provision-conditions"
      ],
      "oids" : ["2.16.840.1.113883.4.642.3.514"],
      "sources" : ["2.16.840.1.113883.4.642.3.514"],
      "uses" : {
      },
      "StructureDefinition-medme-pharmacy-healthcareservice.html" : "MedMe Pharmacy HealthcareService"
    },
    {
      "url" : "http://hl7.org/fhir/ValueSet/service-referral-method",
      "version" : "4.0.1",
      "status" : "draft",
      "name" : "ReferralMethod",
      "title" : "ReferralMethod",
      "description" : "The methods of referral can be used when referring to a specific HealthCareService resource.",
      "systems" : [
        "http://terminology.hl7.org/CodeSystem/service-referral-method"
      ],
      "oids" : ["2.16.840.1.113883.4.642.3.510"],
      "sources" : ["2.16.840.1.113883.4.642.3.510"],
      "uses" : {
      },
      "StructureDefinition-medme-pharmacy-healthcareservice.html" : "MedMe Pharmacy HealthcareService"
    },
    {
      "url" : "http://hl7.org/fhir/ValueSet/service-type",
      "version" : "4.0.1",
      "status" : "draft",
      "name" : "ServiceType",
      "title" : "Service type",
      "description" : "This value set defines an example set of codes of service-types.",
      "systems" : ["http://terminology.hl7.org/CodeSystem/service-type"],
      "oids" : ["2.16.840.1.113883.4.642.3.518"],
      "sources" : ["2.16.840.1.113883.4.642.3.518"],
      "uses" : {
      },
      "StructureDefinition-medme-pharmacy-healthcareservice.html" : "MedMe Pharmacy HealthcareService",
      "StructureDefinition-medme-pharmacy-appointment.html" : "MedMe Pharmacy Appointment",
      "StructureDefinition-medme-pharmacy-schedule.html" : "MedMe Pharmacy Schedule",
      "StructureDefinition-medme-pharmacy-slot.html" : "MedMe Pharmacy Slot"
    },
    {
      "url" : "http://terminology.hl7.org/ValueSet/jurisdiction",
      "version" : "1.0.0",
      "status" : "active",
      "name" : "JurisdictionValueSet",
      "title" : "Jurisdiction ValueSet",
      "description" : "This value set defines a base set of codes for country, country subdivision and region    for indicating where a resource is intended to be used.   \r\n   \r\n   Note: The codes for countries and country subdivisions are taken from    [ISO 3166](https://www.iso.org/iso-3166-country-codes.html)    while the codes for \"supra-national\" regions are from    [UN Standard country or area codes for statistical use (M49)](http://unstats.un.org/unsd/methods/m49/m49.htm).",
      "systems" : [
        "http://unstats.un.org/unsd/methods/m49/m49.htm",
        "urn:iso:std:iso:3166",
        "urn:iso:std:iso:3166:-2"
      ],
      "oids" : ["2.16.840.1.113883.11.21029"],
      "sources" : ["2.16.840.1.113883.11.21029"],
      "uses" : {
      },
      "StructureDefinition-medme-pharmacy-patient.html" : "MedMe Pharmacy Patient"
    },
    {
      "url" : "http://terminology.hl7.org/ValueSet/v2-0116",
      "version" : "2.0.0",
      "status" : "active",
      "name" : "Hl7VSBedStatus",
      "title" : "hl7VS-bedStatus",
      "description" : "Value Set of codes that specify the state of a bed in an inpatient setting, and is used to determine if a patient may be assigned to it or not.",
      "systems" : ["http://terminology.hl7.org/CodeSystem/v2-0116"],
      "oids" : ["2.16.840.1.113883.21.51"],
      "sources" : ["2.16.840.1.113883.21.51"],
      "uses" : {
      },
      "StructureDefinition-medme-pharmacy-location.html" : "MedMe Pharmacy Location"
    },
    {
      "url" : "http://terminology.hl7.org/ValueSet/v2-0276",
      "version" : "2.0.0",
      "status" : "active",
      "name" : "Hl7VSAppointmentReasonCodes",
      "title" : "hl7VS-appointmentReasonCodes",
      "description" : "Value Set of codes that describe the kind of appointment or the reason why an appointment has been scheduled.",
      "systems" : ["http://terminology.hl7.org/CodeSystem/v2-0276"],
      "oids" : ["2.16.840.1.113883.21.181"],
      "sources" : ["2.16.840.1.113883.21.181"],
      "uses" : {
      },
      "StructureDefinition-medme-pharmacy-slot.html" : "MedMe Pharmacy Slot"
    },
    {
      "url" : "http://terminology.hl7.org/ValueSet/v3-ServiceDeliveryLocationRoleType",
      "version" : "3.0.0",
      "status" : "active",
      "name" : "ServiceDeliveryLocationRoleType",
      "title" : "ServiceDeliveryLocationRoleType",
      "description" : "A role of a place that further classifies the setting (e.g., accident site, road side, work site, community location) in which services are delivered.",
      "systems" : ["http://terminology.hl7.org/CodeSystem/v3-RoleCode"],
      "oids" : ["2.16.840.1.113883.1.11.17660"],
      "sources" : ["2.16.840.1.113883.1.11.17660"],
      "uses" : {
      },
      "StructureDefinition-medme-pharmacy-location.html" : "MedMe Pharmacy Location"
    },
    {
      "url" : "https://fhir.infoway-inforoute.ca/ValueSet/genderidentityvaluecode",
      "version" : null,
      "status" : "draft",
      "name" : "GenderIdentityValueSet",
      "title" : "Gender Identity Value Set",
      "description" : "This valueset specifies terms which represent an individual's personal experience of being a woman, man, nonbinary, or how the person prefers to self-describe. People may identify with more than one gender identity or use different gender identities in different settings. This resource is an informative value set; a normative subset containing the expanded values can be found on Canada Health Infoway's [Terminology Server](https://infocentral.infoway-inforoute.ca/en/tools/standards-tools/terminology-server).",
      "systems" : [
        "http://terminology.hl7.org/CodeSystem/v3-NullFlavor",
        "http://snomed.info/sct",
        "http://terminology.hl7.org/CodeSystem/data-absent-reason"
      ],
      "uses" : {
      },
      "StructureDefinition-medme-pharmacy-patient.html" : "MedMe Pharmacy Patient"
    },
    {
      "url" : "https://fhir.infoway-inforoute.ca/ValueSet/recordedgender",
      "version" : null,
      "status" : "draft",
      "name" : "RecordedGenderValueSet",
      "title" : "Recorded Gender Value Set",
      "description" : "The scope of this subset is to represent genders as used in healthcare data systems. This includes commonly used gender identities for administrative and clinical purposes. This resource is an informative value set; a normative subset containing the expanded values can be found on Canada Health Infoway's [Terminology Server](https://infocentral.infoway-inforoute.ca/en/tools/standards-tools/terminology-server).",
      "systems" : [
        "http://loinc.org",
        "http://terminology.hl7.org/CodeSystem/v3-NullFlavor"
      ],
      "uses" : {
      },
      "StructureDefinition-medme-pharmacy-patient.html" : "MedMe Pharmacy Patient"
    },
    {
      "url" : "https://fhir.infoway-inforoute.ca/ValueSet/recordedgendertype",
      "version" : null,
      "status" : "draft",
      "name" : "RecordedGenderTypeValueSet",
      "title" : "Recorded Gender Type Value Set",
      "description" : "The scope of this subset is to represent types of sex and gender that are used in healthcare data systems. This includes commonly used gender identities for administrative and clinical purposes. This resource is an informative value set; a normative subset containing the expanded values can be found on Canada Health Infoway's [Terminology Server](https://infocentral.infoway-inforoute.ca/en/tools/standards-tools/terminology-server).",
      "systems" : ["http://loinc.org"],
      "uses" : {
      },
      "StructureDefinition-medme-pharmacy-patient.html" : "MedMe Pharmacy Patient"
    },
    {
      "url" : "https://fhir.medmehealth.com/pharmacy-services/ValueSet/medme-appointment-status",
      "version" : "0.9.20",
      "status" : "draft",
      "name" : "MedMeAppointmentStatus",
      "title" : "MedMe Appointment Status",
      "description" : "Supported appointment statuses for MedMe pharmacy services",
      "systems" : ["http://hl7.org/fhir/appointmentstatus"],
      "uses" : {
      },
      "StructureDefinition-medme-pharmacy-appointment.html" : "MedMe Pharmacy Appointment"
    },
    {
      "url" : "https://fhir.medmehealth.com/pharmacy-services/ValueSet/medme-appointment-type",
      "version" : "0.9.20",
      "status" : "draft",
      "name" : "MedMeAppointmentType",
      "title" : "MedMe Appointment Type",
      "description" : "Supported appointment types for MedMe pharmacy services (WALKIN and ROUTINE only)",
      "systems" : ["https://terminology.hl7.org/CodeSystem/v2-0276"],
      "uses" : {
      },
      "StructureDefinition-medme-pharmacy-appointment.html" : "MedMe Pharmacy Appointment"
    }
  ]
}
