<?xml version="1.0" encoding="UTF-8"?>

<HealthcareService xmlns="http://hl7.org/fhir">
  <id value="pharmacy-immunization-service"/>
  <meta>
    <profile value="https://fhir.medmehealth.com/pharmacy-services/StructureDefinition/medme-pharmacy-healthcare-service"/>
  </meta>
  <text>
    <status value="extensions"/><div xmlns="http://www.w3.org/1999/xhtml"><p class="res-header-id"><b>Generated Narrative: HealthcareService pharmacy-immunization-service</b></p><a name="pharmacy-immunization-service"> </a><a name="hcpharmacy-immunization-service"> </a><div style="display: inline-block; background-color: #d9e0e7; padding: 6px; margin: 4px; border: 1px solid #8da1b4; border-radius: 5px; line-height: 60%"><p style="margin-bottom: 0px"/><p style="margin-bottom: 0px">Profile: <a href="StructureDefinition-medme-pharmacy-healthcare-service.html">MedMe Pharmacy HealthcareService</a></p></div><p><b>Is Public</b>: true</p><p><b>Is Waitlisted</b>: true</p><p><b>Is Rescheduling Allowed</b>: true</p><p><b>Is Cancellation Allowed</b>: false</p><p><b>Default Duration</b>: 15</p><p><b>identifier</b>: <code>https://fhir.medmehealth.com/pharmacy-services/systems/entity/healthcare-service/id</code>/hs-12345, <code>https://fhir.medmehealth.com/pharmacy-services/systems/entity/healthcare-service/activity-id</code>/activity-67890, <code>https://fhir.medmehealth.com/pharmacy-services/systems/entity/healthcare-service/url-param</code>/covid-flu-vaccination</p><p><b>active</b>: true</p><p><b>providedBy</b>: <a href="Organization-example-pharmacy-organization.html">Organization MedMe Pharmacy Network</a></p><p><b>category</b>: <span title="Codes:{https://snomed.info/sct 430193006}, {https://snomed.info/sct 430193007}">Medication management services</span>, <span title="Codes:{https://snomed.info/sct 310080006}">Preventive care services</span></p><p><b>type</b>: <span title="Codes:{https://snomed.info/sct 33879002}, {https://snomed.info/sct 430193006}">Comprehensive vaccination and medication review service</span></p><p><b>location</b>: <a href="Location-example-pharmacy-location.html">Location MedMe Pharmacy - Downtown</a></p><p><b>name</b>: COVID-19 and Flu Vaccination Service</p><p><b>comment</b>: Comprehensive vaccination service for COVID-19 and seasonal flu vaccines</p><p><b>extraDetails</b>: </p><div><p><strong>Walk-ins welcome</strong> during business hours. Please bring your health card and vaccination history.</p>
</div><p><b>characteristic</b>: <span title="Codes:{https://terminology.hl7.org/fhir/service-mode in-person}, {https://terminology.hl7.org/fhir/service-mode virtual}">In-person</span></p><p><b>appointmentRequired</b>: false</p><h3>AvailableTimes</h3><table class="grid"><tr><td style="display: none">-</td><td><b>DaysOfWeek</b></td><td><b>AvailableStartTime</b></td><td><b>AvailableEndTime</b></td></tr><tr><td style="display: none">*</td><td>Friday</td><td>09:00:00</td><td>17:00:00</td></tr></table></div>
  </text>
  <extension url="https://fhir.medmehealth.com/pharmacy-services/StructureDefinition/is-public">
    <valueBoolean value="true"/>
  </extension>
  <extension url="https://fhir.medmehealth.com/pharmacy-services/StructureDefinition/is-waitlisted">
    <valueBoolean value="true"/>
  </extension>
  <extension url="https://fhir.medmehealth.com/pharmacy-services/StructureDefinition/is-rescheduling-allowed">
    <valueBoolean value="true"/>
  </extension>
  <extension url="https://fhir.medmehealth.com/pharmacy-services/StructureDefinition/is-cancellation-allowed">
    <valueBoolean value="false"/>
  </extension>
  <extension url="https://fhir.medmehealth.com/pharmacy-services/StructureDefinition/default-duration">
    <valueInteger value="15"/>
  </extension>
  <identifier>
    <system value="https://fhir.medmehealth.com/pharmacy-services/systems/entity/healthcare-service/id"/>
    <value value="hs-12345"/>
  </identifier>
  <identifier>
    <system value="https://fhir.medmehealth.com/pharmacy-services/systems/entity/healthcare-service/activity-id"/>
    <value value="activity-67890"/>
  </identifier>
  <identifier>
    <system value="https://fhir.medmehealth.com/pharmacy-services/systems/entity/healthcare-service/url-param"/>
    <value value="covid-flu-vaccination"/>
  </identifier>
  <active value="true"/>
  <providedBy>
    <reference value="Organization/example-pharmacy-organization"/>
  </providedBy>
  <category>
    <coding>
      <system value="https://snomed.info/sct"/>
      <code value="430193006"/>
      <display value="Medication Review"/>
    </coding>
    <coding>
      <system value="https://snomed.info/sct"/>
      <code value="430193007"/>
      <display value="Medication Reconciliation"/>
    </coding>
    <text value="Medication management services"/>
  </category>
  <category>
    <coding>
      <system value="https://snomed.info/sct"/>
      <code value="310080006"/>
      <display value="Pharmacy service"/>
    </coding>
    <text value="Preventive care services"/>
  </category>
  <type>
    <coding>
      <system value="https://snomed.info/sct"/>
      <code value="33879002"/>
      <display value="Administration of vaccine to produce active immunity"/>
    </coding>
    <coding>
      <system value="https://snomed.info/sct"/>
      <code value="430193006"/>
      <display value="Medication Review"/>
    </coding>
    <text value="Comprehensive vaccination and medication review service"/>
  </type>
  <location>
    <reference value="Location/example-pharmacy-location"/>
  </location>
  <name value="COVID-19 and Flu Vaccination Service"/>
  <comment value="Comprehensive vaccination service for COVID-19 and seasonal flu vaccines"/>
  <extraDetails value="**Walk-ins welcome** during business hours. Please bring your health card and vaccination history."/>
  <characteristic>
    <coding>
      <system value="https://terminology.hl7.org/fhir/service-mode"/>
      <code value="in-person"/>
      <display value="In-person"/>
    </coding>
    <coding>
      <system value="https://terminology.hl7.org/fhir/service-mode"/>
      <code value="virtual"/>
      <display value="Virtual"/>
    </coding>
  </characteristic>
  <appointmentRequired value="false"/>
  <availableTime>
    <daysOfWeek value="fri"/>
    <availableStartTime value="09:00:00"/>
    <availableEndTime value="17:00:00"/>
  </availableTime>
</HealthcareService>