{
  "resourceType" : "Bundle",
  "id" : "7e1db9ef-aff5-477f-a9d9-41df2d2197f2",
  "meta" : {
    "lastUpdated" : "2025-12-10T09:54:50.085-05:00"
  },
  "type" : "collection",
  "entry" : [{
    "fullUrl" : "https://fhir.medmehealth.com/pharmacy-services/ValueSet/medme-appointment-type",
    "resource" : {
      "resourceType" : "ValueSet",
      "text" : {
        "status" : "generated",
        "div" : "<div xmlns=\"http://www.w3.org/1999/xhtml\"><p class=\"res-header-id\"/><p style=\"border: black 1px dotted; background-color: #EEEEEE; padding: 8px; margin-bottom: 8px\">Expansion performed internally based on <a href=\"http://terminology.hl7.org/5.0.0/CodeSystem-v2-0276.html\">codesystem appointmentReason v2.1.0 (CodeSystem)</a><span class=\"copy-text-inline\"><button data-clipboard-text=\"http://terminology.hl7.org/CodeSystem/v2-0276|2.1.0\" title=\"Click to Copy URL\" class=\"btn-copy\"> </button></span></p><p>This value set contains 2 concepts</p><table class=\"codes\" data-fhir=\"generated\"><tr><td><b>System</b></td><td style=\"white-space:nowrap\"><b>Code</b></td><td><b>Display (en)</b></td><td><b><a href=\"http://hl7.org/fhir/concept-properties#status\">status</a></b></td><td><b>JSON</b></td><td><b>XML</b></td></tr><tr><td><a name=\"x-http://terminology.hl7.org/CodeSystem/v2-0276-WALKIN\"> </a><code>http://terminology.hl7.org/CodeSystem/v2-0276</code></td><td style=\"white-space:nowrap\">\u00a0\u00a0<a href=\"http://terminology.hl7.org/5.0.0/CodeSystem-v2-0276.html#v2-0276-WALKIN\">WALKIN</a></td><td>Walk-in</td><td>A</td><td><span class=\"copy-text-inline\"><button data-clipboard-text=\"{&quot;system&quot;: &quot;http://terminology.hl7.org/CodeSystem/v2-0276&quot;, &quot;version&quot;: &quot;2.1.0&quot;, &quot;code&quot;: &quot;WALKIN&quot;, &quot;display&quot;: &quot;Walk-in&quot;}\" title=\"Click to Copy as Coding\" class=\"btn-copy\"> </button></span></td><td><span class=\"copy-text-inline\"><button data-clipboard-text=\"&lt;coding&gt;&lt;system value=&quot;http://terminology.hl7.org/CodeSystem/v2-0276&quot;&gt;&lt;version value=&quot;2.1.0&quot;&gt;&lt;code value=&quot;WALKIN&quot;&gt;&lt;display value=&quot;Walk-in&quot;&gt;&lt;/coding&gt;\" title=\"Click to Copy as Coding\" class=\"btn-copy\"> </button></span></td></tr><tr><td><a name=\"x-http://terminology.hl7.org/CodeSystem/v2-0276-ROUTINE\"> </a><code>http://terminology.hl7.org/CodeSystem/v2-0276</code></td><td style=\"white-space:nowrap\">\u00a0\u00a0<a href=\"http://terminology.hl7.org/5.0.0/CodeSystem-v2-0276.html#v2-0276-ROUTINE\">ROUTINE</a></td><td>Routine</td><td>A</td><td><span class=\"copy-text-inline\"><button data-clipboard-text=\"{&quot;system&quot;: &quot;http://terminology.hl7.org/CodeSystem/v2-0276&quot;, &quot;version&quot;: &quot;2.1.0&quot;, &quot;code&quot;: &quot;ROUTINE&quot;, &quot;display&quot;: &quot;Routine&quot;}\" title=\"Click to Copy as Coding\" class=\"btn-copy\"> </button></span></td><td><span class=\"copy-text-inline\"><button data-clipboard-text=\"&lt;coding&gt;&lt;system value=&quot;http://terminology.hl7.org/CodeSystem/v2-0276&quot;&gt;&lt;version value=&quot;2.1.0&quot;&gt;&lt;code value=&quot;ROUTINE&quot;&gt;&lt;display value=&quot;Routine&quot;&gt;&lt;/coding&gt;\" title=\"Click to Copy as Coding\" class=\"btn-copy\"> </button></span></td></tr></table></div>"
      },
      "url" : "https://fhir.medmehealth.com/pharmacy-services/ValueSet/medme-appointment-type",
      "version" : "0.9.25",
      "name" : "MedMeAppointmentType",
      "title" : "MedMe Appointment Type",
      "status" : "draft",
      "date" : "2025-12-10T09:54:50-05:00",
      "jurisdiction" : [{
        "coding" : [{
          "system" : "urn:iso:std:iso:3166",
          "code" : "CA"
        }]
      }],
      "expansion" : {
        "identifier" : "urn:uuid:947669a9-5b60-4f7e-82fc-387fab57f25a",
        "timestamp" : "2025-12-10T09:55:29-05:00",
        "total" : 2,
        "offset" : 0,
        "parameter" : [{
          "name" : "displayLanguage",
          "valueCode" : "en"
        },
        {
          "name" : "count",
          "valueInteger" : 1000
        },
        {
          "name" : "offset",
          "valueInteger" : 0
        },
        {
          "name" : "excludeNested",
          "valueBoolean" : false
        },
        {
          "name" : "used-codesystem",
          "valueUri" : "http://terminology.hl7.org/CodeSystem/v2-0276|2.1.0"
        }],
        "property" : [{
          "code" : "status",
          "uri" : "http://hl7.org/fhir/concept-properties#status"
        }],
        "contains" : [{
          "system" : "http://terminology.hl7.org/CodeSystem/v2-0276",
          "code" : "WALKIN",
          "display" : "Walk-in",
          "property" : [{
            "code" : "status",
            "valueCode" : "A"
          }]
        },
        {
          "system" : "http://terminology.hl7.org/CodeSystem/v2-0276",
          "code" : "ROUTINE",
          "display" : "Routine",
          "property" : [{
            "code" : "status",
            "valueCode" : "A"
          }]
        }]
      }
    }
  }]
}