{
  "resourceType" : "Bundle",
  "id" : "489a5bd9-e56e-4396-867d-be76113db94a",
  "meta" : {
    "lastUpdated" : "2025-12-08T15:17:38.595-05:00"
  },
  "type" : "collection",
  "entry" : [{
    "fullUrl" : "https://fhir.medmehealth.com/pharmacy-services/ValueSet/medme-appointment-status",
    "resource" : {
      "resourceType" : "ValueSet",
      "text" : {
        "status" : "generated",
        "div" : "<div xmlns=\"http://www.w3.org/1999/xhtml\"><p class=\"res-header-id\"/><p style=\"border: black 1px dotted; background-color: #EEEEEE; padding: 8px; margin-bottom: 8px\">Expansion performed internally based on <a href=\"http://hl7.org/fhir/R4/codesystem-appointmentstatus.html\">codesystem AppointmentStatus v4.0.1 (CodeSystem)</a><span class=\"copy-text-inline\"><button data-clipboard-text=\"http://hl7.org/fhir/appointmentstatus|4.0.1\" title=\"Click to Copy URL\" class=\"btn-copy\"> </button></span></p><p>This value set contains 5 concepts</p><table class=\"codes\" data-fhir=\"generated\"><tr><td><b>System</b></td><td style=\"white-space:nowrap\"><b>Code</b></td><td><b>Display (en)</b></td><td><b>JSON</b></td><td><b>XML</b></td></tr><tr><td><a name=\"x-http://hl7.org/fhir/appointmentstatus-pending\"> </a><code>http://hl7.org/fhir/appointmentstatus</code></td><td style=\"white-space:nowrap\">\u00a0\u00a0<a href=\"http://hl7.org/fhir/R4/codesystem-appointmentstatus.html#appointmentstatus-pending\">pending</a></td><td>Pending</td><td><span class=\"copy-text-inline\"><button data-clipboard-text=\"{&quot;system&quot;: &quot;http://hl7.org/fhir/appointmentstatus&quot;, &quot;version&quot;: &quot;4.0.1&quot;, &quot;code&quot;: &quot;pending&quot;, &quot;display&quot;: &quot;Pending&quot;}\" title=\"Click to Copy as Coding\" class=\"btn-copy\"> </button></span></td><td><span class=\"copy-text-inline\"><button data-clipboard-text=\"&lt;coding&gt;&lt;system value=&quot;http://hl7.org/fhir/appointmentstatus&quot;&gt;&lt;version value=&quot;4.0.1&quot;&gt;&lt;code value=&quot;pending&quot;&gt;&lt;display value=&quot;Pending&quot;&gt;&lt;/coding&gt;\" title=\"Click to Copy as Coding\" class=\"btn-copy\"> </button></span></td></tr><tr><td><a name=\"x-http://hl7.org/fhir/appointmentstatus-booked\"> </a><code>http://hl7.org/fhir/appointmentstatus</code></td><td style=\"white-space:nowrap\">\u00a0\u00a0<a href=\"http://hl7.org/fhir/R4/codesystem-appointmentstatus.html#appointmentstatus-booked\">booked</a></td><td>Booked</td><td><span class=\"copy-text-inline\"><button data-clipboard-text=\"{&quot;system&quot;: &quot;http://hl7.org/fhir/appointmentstatus&quot;, &quot;version&quot;: &quot;4.0.1&quot;, &quot;code&quot;: &quot;booked&quot;, &quot;display&quot;: &quot;Booked&quot;}\" title=\"Click to Copy as Coding\" class=\"btn-copy\"> </button></span></td><td><span class=\"copy-text-inline\"><button data-clipboard-text=\"&lt;coding&gt;&lt;system value=&quot;http://hl7.org/fhir/appointmentstatus&quot;&gt;&lt;version value=&quot;4.0.1&quot;&gt;&lt;code value=&quot;booked&quot;&gt;&lt;display value=&quot;Booked&quot;&gt;&lt;/coding&gt;\" title=\"Click to Copy as Coding\" class=\"btn-copy\"> </button></span></td></tr><tr><td><a name=\"x-http://hl7.org/fhir/appointmentstatus-cancelled\"> </a><code>http://hl7.org/fhir/appointmentstatus</code></td><td style=\"white-space:nowrap\">\u00a0\u00a0<a href=\"http://hl7.org/fhir/R4/codesystem-appointmentstatus.html#appointmentstatus-cancelled\">cancelled</a></td><td>Cancelled</td><td><span class=\"copy-text-inline\"><button data-clipboard-text=\"{&quot;system&quot;: &quot;http://hl7.org/fhir/appointmentstatus&quot;, &quot;version&quot;: &quot;4.0.1&quot;, &quot;code&quot;: &quot;cancelled&quot;, &quot;display&quot;: &quot;Cancelled&quot;}\" title=\"Click to Copy as Coding\" class=\"btn-copy\"> </button></span></td><td><span class=\"copy-text-inline\"><button data-clipboard-text=\"&lt;coding&gt;&lt;system value=&quot;http://hl7.org/fhir/appointmentstatus&quot;&gt;&lt;version value=&quot;4.0.1&quot;&gt;&lt;code value=&quot;cancelled&quot;&gt;&lt;display value=&quot;Cancelled&quot;&gt;&lt;/coding&gt;\" title=\"Click to Copy as Coding\" class=\"btn-copy\"> </button></span></td></tr><tr><td><a name=\"x-http://hl7.org/fhir/appointmentstatus-fulfilled\"> </a><code>http://hl7.org/fhir/appointmentstatus</code></td><td style=\"white-space:nowrap\">\u00a0\u00a0<a href=\"http://hl7.org/fhir/R4/codesystem-appointmentstatus.html#appointmentstatus-fulfilled\">fulfilled</a></td><td>Fulfilled</td><td><span class=\"copy-text-inline\"><button data-clipboard-text=\"{&quot;system&quot;: &quot;http://hl7.org/fhir/appointmentstatus&quot;, &quot;version&quot;: &quot;4.0.1&quot;, &quot;code&quot;: &quot;fulfilled&quot;, &quot;display&quot;: &quot;Fulfilled&quot;}\" title=\"Click to Copy as Coding\" class=\"btn-copy\"> </button></span></td><td><span class=\"copy-text-inline\"><button data-clipboard-text=\"&lt;coding&gt;&lt;system value=&quot;http://hl7.org/fhir/appointmentstatus&quot;&gt;&lt;version value=&quot;4.0.1&quot;&gt;&lt;code value=&quot;fulfilled&quot;&gt;&lt;display value=&quot;Fulfilled&quot;&gt;&lt;/coding&gt;\" title=\"Click to Copy as Coding\" class=\"btn-copy\"> </button></span></td></tr><tr><td><a name=\"x-http://hl7.org/fhir/appointmentstatus-entered-in-error\"> </a><code>http://hl7.org/fhir/appointmentstatus</code></td><td style=\"white-space:nowrap\">\u00a0\u00a0<a href=\"http://hl7.org/fhir/R4/codesystem-appointmentstatus.html#appointmentstatus-entered-in-error\">entered-in-error</a></td><td>Entered in Error</td><td><span class=\"copy-text-inline\"><button data-clipboard-text=\"{&quot;system&quot;: &quot;http://hl7.org/fhir/appointmentstatus&quot;, &quot;version&quot;: &quot;4.0.1&quot;, &quot;code&quot;: &quot;entered-in-error&quot;, &quot;display&quot;: &quot;Entered in Error&quot;}\" title=\"Click to Copy as Coding\" class=\"btn-copy\"> </button></span></td><td><span class=\"copy-text-inline\"><button data-clipboard-text=\"&lt;coding&gt;&lt;system value=&quot;http://hl7.org/fhir/appointmentstatus&quot;&gt;&lt;version value=&quot;4.0.1&quot;&gt;&lt;code value=&quot;entered-in-error&quot;&gt;&lt;display value=&quot;Entered in Error&quot;&gt;&lt;/coding&gt;\" title=\"Click to Copy as Coding\" class=\"btn-copy\"> </button></span></td></tr></table></div>"
      },
      "url" : "https://fhir.medmehealth.com/pharmacy-services/ValueSet/medme-appointment-status",
      "version" : "0.9.24",
      "name" : "MedMeAppointmentStatus",
      "title" : "MedMe Appointment Status",
      "status" : "draft",
      "date" : "2025-12-08T15:17:38-05:00",
      "jurisdiction" : [{
        "coding" : [{
          "system" : "urn:iso:std:iso:3166",
          "code" : "CA"
        }]
      }],
      "expansion" : {
        "identifier" : "urn:uuid:5f89b54e-f1f4-4af2-bfb8-9f48b0345424",
        "timestamp" : "2025-12-08T15:18:56-05:00",
        "total" : 5,
        "offset" : 0,
        "parameter" : [{
          "name" : "displayLanguage",
          "valueCode" : "en"
        },
        {
          "name" : "count",
          "valueInteger" : 1000
        },
        {
          "name" : "offset",
          "valueInteger" : 0
        },
        {
          "name" : "excludeNested",
          "valueBoolean" : false
        },
        {
          "name" : "used-codesystem",
          "valueUri" : "http://hl7.org/fhir/appointmentstatus|4.0.1"
        }],
        "contains" : [{
          "system" : "http://hl7.org/fhir/appointmentstatus",
          "code" : "pending",
          "display" : "Pending"
        },
        {
          "system" : "http://hl7.org/fhir/appointmentstatus",
          "code" : "booked",
          "display" : "Booked"
        },
        {
          "system" : "http://hl7.org/fhir/appointmentstatus",
          "code" : "cancelled",
          "display" : "Cancelled"
        },
        {
          "system" : "http://hl7.org/fhir/appointmentstatus",
          "code" : "fulfilled",
          "display" : "Fulfilled"
        },
        {
          "system" : "http://hl7.org/fhir/appointmentstatus",
          "code" : "entered-in-error",
          "display" : "Entered in Error"
        }]
      }
    }
  },
  {
    "fullUrl" : "https://fhir.medmehealth.com/pharmacy-services/ValueSet/medme-appointment-type",
    "resource" : {
      "resourceType" : "ValueSet",
      "text" : {
        "status" : "generated",
        "div" : "<div xmlns=\"http://www.w3.org/1999/xhtml\"><p class=\"res-header-id\"/><p style=\"border: black 1px dotted; background-color: #EEEEEE; padding: 8px; margin-bottom: 8px\">Expansion performed internally based on <a href=\"http://terminology.hl7.org/5.0.0/CodeSystem-v2-0276.html\">codesystem appointmentReason v2.1.0 (CodeSystem)</a><span class=\"copy-text-inline\"><button data-clipboard-text=\"http://terminology.hl7.org/CodeSystem/v2-0276|2.1.0\" title=\"Click to Copy URL\" class=\"btn-copy\"> </button></span></p><p>This value set contains 2 concepts</p><table class=\"codes\" data-fhir=\"generated\"><tr><td><b>System</b></td><td style=\"white-space:nowrap\"><b>Code</b></td><td><b>Display (en)</b></td><td><b><a href=\"http://hl7.org/fhir/concept-properties#status\">status</a></b></td><td><b>JSON</b></td><td><b>XML</b></td></tr><tr><td><a name=\"x-http://terminology.hl7.org/CodeSystem/v2-0276-WALKIN\"> </a><code>http://terminology.hl7.org/CodeSystem/v2-0276</code></td><td style=\"white-space:nowrap\">\u00a0\u00a0<a href=\"http://terminology.hl7.org/5.0.0/CodeSystem-v2-0276.html#v2-0276-WALKIN\">WALKIN</a></td><td>Walk-in</td><td>A</td><td><span class=\"copy-text-inline\"><button data-clipboard-text=\"{&quot;system&quot;: &quot;http://terminology.hl7.org/CodeSystem/v2-0276&quot;, &quot;version&quot;: &quot;2.1.0&quot;, &quot;code&quot;: &quot;WALKIN&quot;, &quot;display&quot;: &quot;Walk-in&quot;}\" title=\"Click to Copy as Coding\" class=\"btn-copy\"> </button></span></td><td><span class=\"copy-text-inline\"><button data-clipboard-text=\"&lt;coding&gt;&lt;system value=&quot;http://terminology.hl7.org/CodeSystem/v2-0276&quot;&gt;&lt;version value=&quot;2.1.0&quot;&gt;&lt;code value=&quot;WALKIN&quot;&gt;&lt;display value=&quot;Walk-in&quot;&gt;&lt;/coding&gt;\" title=\"Click to Copy as Coding\" class=\"btn-copy\"> </button></span></td></tr><tr><td><a name=\"x-http://terminology.hl7.org/CodeSystem/v2-0276-ROUTINE\"> </a><code>http://terminology.hl7.org/CodeSystem/v2-0276</code></td><td style=\"white-space:nowrap\">\u00a0\u00a0<a href=\"http://terminology.hl7.org/5.0.0/CodeSystem-v2-0276.html#v2-0276-ROUTINE\">ROUTINE</a></td><td>Routine</td><td>A</td><td><span class=\"copy-text-inline\"><button data-clipboard-text=\"{&quot;system&quot;: &quot;http://terminology.hl7.org/CodeSystem/v2-0276&quot;, &quot;version&quot;: &quot;2.1.0&quot;, &quot;code&quot;: &quot;ROUTINE&quot;, &quot;display&quot;: &quot;Routine&quot;}\" title=\"Click to Copy as Coding\" class=\"btn-copy\"> </button></span></td><td><span class=\"copy-text-inline\"><button data-clipboard-text=\"&lt;coding&gt;&lt;system value=&quot;http://terminology.hl7.org/CodeSystem/v2-0276&quot;&gt;&lt;version value=&quot;2.1.0&quot;&gt;&lt;code value=&quot;ROUTINE&quot;&gt;&lt;display value=&quot;Routine&quot;&gt;&lt;/coding&gt;\" title=\"Click to Copy as Coding\" class=\"btn-copy\"> </button></span></td></tr></table></div>"
      },
      "url" : "https://fhir.medmehealth.com/pharmacy-services/ValueSet/medme-appointment-type",
      "version" : "0.9.24",
      "name" : "MedMeAppointmentType",
      "title" : "MedMe Appointment Type",
      "status" : "draft",
      "date" : "2025-12-08T15:17:38-05:00",
      "jurisdiction" : [{
        "coding" : [{
          "system" : "urn:iso:std:iso:3166",
          "code" : "CA"
        }]
      }],
      "expansion" : {
        "identifier" : "urn:uuid:4e73156b-808e-47d8-8410-62dd99ec6670",
        "timestamp" : "2025-12-08T15:18:56-05:00",
        "total" : 2,
        "offset" : 0,
        "parameter" : [{
          "name" : "displayLanguage",
          "valueCode" : "en"
        },
        {
          "name" : "count",
          "valueInteger" : 1000
        },
        {
          "name" : "offset",
          "valueInteger" : 0
        },
        {
          "name" : "excludeNested",
          "valueBoolean" : false
        },
        {
          "name" : "used-codesystem",
          "valueUri" : "http://terminology.hl7.org/CodeSystem/v2-0276|2.1.0"
        }],
        "property" : [{
          "code" : "status",
          "uri" : "http://hl7.org/fhir/concept-properties#status"
        }],
        "contains" : [{
          "system" : "http://terminology.hl7.org/CodeSystem/v2-0276",
          "code" : "WALKIN",
          "display" : "Walk-in",
          "property" : [{
            "code" : "status",
            "valueCode" : "A"
          }]
        },
        {
          "system" : "http://terminology.hl7.org/CodeSystem/v2-0276",
          "code" : "ROUTINE",
          "display" : "Routine",
          "property" : [{
            "code" : "status",
            "valueCode" : "A"
          }]
        }]
      }
    }
  }]
}